fecha_hora,sector,ubicacion,colonia,observaciones,clasificacion,causa,lesionados,fallecidos,vehiculos_cantidad
2015-01-01 00:00:00,"NO ESPECIFICADO","CALZ GOMEZ MORIN Y CARRETERA A MIELERAS",,,"CHOQUE","NO ESPECIFICADO",0,0,0
2015-01-01 00:00:00,"NO ESPECIFICADO","ANTIGUA A SAN PEDRO A LA ALTURA DEL EJIDO ANA",,,"CHOQUE","NO ESPECIFICADO",0,0,0
2015-01-01 00:00:00,"NO ESPECIFICADO","BLVD REVOLUCION Y CALLE 52",,,"CHOQUE","NO ESPECIFICADO",0,0,0
2015-01-01 00:00:00,"NO ESPECIFICADO","AV JUAREZ Y CALZ FCO SARABIA",,,"CHOQUE","NO ESPECIFICADO",0,0,0
2015-01-01 00:00:00,"NO ESPECIFICADO","CALZ RAMON MENDEZ Y CALZ DE LA PAZ",,,"CHOQUE","NO ESPECIFICADO",0,0,0
2015-01-01 00:00:00,"NO ESPECIFICADO","BLVD DIAGONAL DE LAS FUENTES Y DE TORREON A LERDO",,,"CHOQUE","NO ESPECIFICADO",0,0,0
2015-01-01 00:00:00,"NO ESPECIFICADO","AV JUAREZ Y CALLE 22",,,"CHOQUE","NO ESPECIFICADO",0,0,0
2015-01-02 00:00:00,"NO ESPECIFICADO","AV JUAREZ Y MUZQUIZ",,,"CHOQUE","NO ESPECIFICADO",0,0,0
2015-01-02 00:00:00,"NO ESPECIFICADO","PASEO DE LA ROSITA Y PASEO DE LA HUERTA",,,"CHOQUE","NO ESPECIFICADO",0,0,0
2015-01-02 00:00:00,"NO ESPECIFICADO","CALZ DIVICION DEL NORTE Y ANTONIO VIGATA SIMO",,,"CHOQUE","NO ESPECIFICADO",0,0,0
2015-01-02 00:00:00,"NO ESPECIFICADO","BLVD RDZ TRIANA Y CALLE AMERICA",,,"CHOQUE","NO ESPECIFICADO",0,0,0
2015-01-02 00:00:00,"NO ESPECIFICADO","RIO SUCHIATE Y BLVD INDEPENDENCIA",,,"CHOQUE","NO ESPECIFICADO",0,0,0
2015-01-02 00:00:00,"NO ESPECIFICADO","AV ALLENDE Y GALEANA",,,"CHOQUE","NO ESPECIFICADO",0,0,0
2015-01-03 00:00:00,"NO ESPECIFICADO","MEXICALY Y AV JUAREZ",,,"CHOQUE","NO ESPECIFICADO",0,0,0
2015-01-03 00:00:00,"NO ESPECIFICADO","TORRE DE LONDRES Y TORRES GEMELAS",,,"CHOQUE","NO ESPECIFICADO",0,0,0
2015-01-03 00:00:00,"NO ESPECIFICADO","BLVD DIAGONAL DE LAS FUENTES Y DEL ABASTO",,,"CHOQUE","NO ESPECIFICADO",0,0,0
2015-01-03 00:00:00,"NO ESPECIFICADO","BLV DIAGONAL DE LAS FUENTES Y DEL ANGEL",,,"CHOQUE","NO ESPECIFICADO",0,0,0
2015-01-04 00:00:00,"NO ESPECIFICADO","RENDUELES Y FRANCO UGARTE",,,"CHOQUE","NO ESPECIFICADO",0,0,0
2015-01-04 00:00:00,"NO ESPECIFICADO","TORREON SAN PEDRO A LA ALTURA DE SENDEROS",,,"CHOQUE","NO ESPECIFICADO",0,0,0
2015-01-04 00:00:00,"NO ESPECIFICADO","AV JUAREZ Y CALLE 18",,,"CHOQUE","NO ESPECIFICADO",0,0,0
2015-01-04 00:00:00,"NO ESPECIFICADO","AV UNIVERSIDAD Y PIRITA",,,"CHOQUE","NO ESPECIFICADO",0,0,0
2015-01-04 00:00:00,"NO ESPECIFICADO","PERIFERICO Y CARRETERA A SANTA FE",,,"CHOQUE","NO ESPECIFICADO",0,0,0
2015-01-04 00:00:00,"NO ESPECIFICADO","AV JUAREZ Y MUZQUIZ",,,"CHOQUE","NO ESPECIFICADO",0,0,0
2015-01-05 00:00:00,"NO ESPECIFICADO","PARIS Y HAMBURGO",,,"CHOQUE","NO ESPECIFICADO",0,0,0
2015-01-05 00:00:00,"NO ESPECIFICADO","DESNIVEL DE CARRETERA A MIELERAS",,,"CHOQUE","NO ESPECIFICADO",0,0,0
2015-01-05 00:00:00,"NO ESPECIFICADO","AV MORELOS Y CALLE 24",,,"CHOQUE","NO ESPECIFICADO",0,0,0
2015-01-05 00:00:00,"NO ESPECIFICADO","AV MORELOS Y CALLE 25",,,"CHOQUE","NO ESPECIFICADO",0,0,0
2015-01-05 00:00:00,"NO ESPECIFICADO","AV HIDALGO Y RAMOS ARIZPE",,,"CHOQUE","NO ESPECIFICADO",0,0,0
2015-01-05 00:00:00,"NO ESPECIFICADO","BLVD REVOLUCION Y TREVIÑO",,,"CHOQUE","NO ESPECIFICADO",0,0,0
2015-01-05 00:00:00,"NO ESPECIFICADO","MARIANO LOPEZ ORTIZ",,,"CHOQUE","NO ESPECIFICADO",0,0,0
2015-01-05 00:00:00,"NO ESPECIFICADO","BLVD REVOLUCION Y RENDUELES",,,"CHOQUE","NO ESPECIFICADO",0,0,0
2015-01-05 00:00:00,"NO ESPECIFICADO","BLVD INDEPENDENCIA Y RIO BALSAS",,,"CHOQUE","NO ESPECIFICADO",0,0,0
2015-01-05 00:00:00,"NO ESPECIFICADO","CALZ SALTILLO 400 Y BLVD DIAGONAL REFORMA",,,"CHOQUE","NO ESPECIFICADO",0,0,0
2015-01-05 00:00:00,"NO ESPECIFICADO","AV OCAMPO Y CALLE 26",,,"CHOQUE","NO ESPECIFICADO",0,0,0
2015-01-05 00:00:00,"NO ESPECIFICADO","CONSTITUCION Y ABASTOS",,,"CHOQUE","NO ESPECIFICADO",0,0,0
2015-01-05 00:00:00,"NO ESPECIFICADO","PASEO DEL TEC",,,"CHOQUE","NO ESPECIFICADO",0,0,0
2015-01-05 00:00:00,"NO ESPECIFICADO","FALCON Y REVOLUCION",,,"CHOQUE","NO ESPECIFICADO",0,0,0
2015-01-05 00:00:00,"NO ESPECIFICADO","PERIFERICO PUENTE DEL CAMPESICO",,,"CHOQUE","NO ESPECIFICADO",0,0,0
2015-01-05 00:00:00,"NO ESPECIFICADO","PERIFERICO TIANGUIS DEL AUTO",,,"CHOQUE","NO ESPECIFICADO",0,0,0
2015-01-05 00:00:00,"NO ESPECIFICADO","PERIFERICO A LA ALTURA DE LA FISCALIA",,,"CHOQUE","NO ESPECIFICADO",0,0,0
2015-01-05 00:00:00,"NO ESPECIFICADO","JUAREZ Y MEXICO",,,"CHOQUE","NO ESPECIFICADO",0,0,0
2015-01-06 00:00:00,"NO ESPECIFICADO","BLVD CONSTITUCION Y RAMON CORONA",,,"CHOQUE","NO ESPECIFICADO",0,0,0
2015-01-06 00:00:00,"NO ESPECIFICADO","GALEANA Y AV JUAREZ",,,"CHOQUE","NO ESPECIFICADO",0,0,0
2015-01-06 00:00:00,"NO ESPECIFICADO","PAVORREAL Y GAVIOTAS",,,"CHOQUE","NO ESPECIFICADO",0,0,0
2015-01-06 00:00:00,"NO ESPECIFICADO","CONSTITUCION Y COBIAN",,,"CHOQUE","NO ESPECIFICADO",0,0,0
2015-01-06 00:00:00,"NO ESPECIFICADO","AVILA CAMACHO Y AMAZONAS",,,"CHOQUE","NO ESPECIFICADO",0,0,0
2015-01-06 00:00:00,"NO ESPECIFICADO","PERIFERICO A LA ALTURA DE GALERIAS",,,"CHOQUE","NO ESPECIFICADO",0,0,0
2015-01-07 00:00:00,"NO ESPECIFICADO","BLVD INDEPENDENCIA Y CALZ RUBEN DARIO",,,"CHOQUE","NO ESPECIFICADO",0,0,0
2015-01-07 00:00:00,"NO ESPECIFICADO","AV MEXICO Y AV PRESIDENTE CARRANZA",,,"CHOQUE","NO ESPECIFICADO",0,0,0
2015-01-07 00:00:00,"NO ESPECIFICADO","AV PRESIDENTE CARRANZA Y ZARAGOZA",,,"CHOQUE","NO ESPECIFICADO",0,0,0
2015-01-07 00:00:00,"NO ESPECIFICADO","BLANCO Y AV PRESIDENTE CARRANZA",,,"CHOQUE","NO ESPECIFICADO",0,0,0
2015-01-07 00:00:00,"NO ESPECIFICADO","BLVD REVOLUCION Y ZARAGOZA",,,"CHOQUE","NO ESPECIFICADO",0,0,0
2015-01-07 00:00:00,"NO ESPECIFICADO","PERIFERICO Y AV JUAREZ",,,"CHOQUE","NO ESPECIFICADO",0,0,0
2015-01-07 00:00:00,"NO ESPECIFICADO","ORQUIDEAS Y OYAMEL",,,"CHOQUE","NO ESPECIFICADO",0,0,0
2015-01-07 00:00:00,"NO ESPECIFICADO","CENTRAL SENDEROS Y TORREON SAN PEDRO",,,"CHOQUE","NO ESPECIFICADO",0,0,0
2015-01-07 00:00:00,"NO ESPECIFICADO","AV. CARRANZA Y CALLE 18",,,"CHOQUE","NO ESPECIFICADO",0,0,0
2015-01-07 00:00:00,"NO ESPECIFICADO","BLVD COSTITUCION Y MONACO",,,"CHOQUE","NO ESPECIFICADO",0,0,0
2015-01-07 00:00:00,"NO ESPECIFICADO","CALLE TREVIÑO Y BLVD REVOLUCION",,,"CHOQUE","NO ESPECIFICADO",0,0,0
2015-01-07 00:00:00,"NO ESPECIFICADO","BLVD DIAGONAL REFORMA Y CALZ MOCTEZUMA",,,"CHOQUE","NO ESPECIFICADO",0,0,0
2015-01-07 00:00:00,"NO ESPECIFICADO","BLVD REVOLUCION Y CALZ VAZCONCELOS",,,"CHOQUE","NO ESPECIFICADO",0,0,0
2015-01-07 00:00:00,"NO ESPECIFICADO","PARIS Y RIO DE JANEIRO",,,"VOLCADURA","NO ESPECIFICADO",0,0,0
2015-01-08 00:00:00,"NO ESPECIFICADO","CALZ SALTILLO 400 Y PASEO DEL TECNOLOGICO",,,"CHOQUE","NO ESPECIFICADO",0,0,0
2015-01-08 00:00:00,"NO ESPECIFICADO","COMONFORT Y CALZ RAUL MADERO",,,"CHOQUE","NO ESPECIFICADO",0,0,0
2015-01-08 00:00:00,"NO ESPECIFICADO","AV UNIVERIDAD Y DEL COMPRADOR",,,"CHOQUE","NO ESPECIFICADO",0,0,0
2015-01-08 00:00:00,"NO ESPECIFICADO","AV JUAREZ Y 5 DE MAYO",,,"CHOQUE","NO ESPECIFICADO",0,0,0
2015-01-08 00:00:00,"NO ESPECIFICADO","CALLE MUZQUIZ Y FUNDADORES",,,"CHOQUE","NO ESPECIFICADO",0,0,0
2015-01-08 00:00:00,"NO ESPECIFICADO","DEL BARRANCO Y CAÑA",,,"INCIDENTES NO ESPECIFICADOS","NO ESPECIFICADO",0,0,0
2015-01-09 00:00:00,"NO ESPECIFICADO","AV PRESIDENTE CARRANZA Y NIÑOS HEROES",,,"CHOQUE","NO ESPECIFICADO",0,0,0
2015-01-09 00:00:00,"NO ESPECIFICADO","BLVD INDEPENDENCIA Y RIO BALSAS",,,"INCIDENTES NO ESPECIFICADOS","NO ESPECIFICADO",0,0,0
2015-01-09 00:00:00,"NO ESPECIFICADO","AV HIDALGO Y RDZ",,,"CHOQUE","NO ESPECIFICADO",0,0,0
2015-01-09 00:00:00,"NO ESPECIFICADO","AV JUAREZ Y MUZQUIZ",,,"INCIDENTES NO ESPECIFICADOS","NO ESPECIFICADO",0,0,0
2015-01-09 00:00:00,"NO ESPECIFICADO","CALZ ABASTOS Y RIO SUCHIATE",,,"CHOQUE","NO ESPECIFICADO",0,0,0
2015-01-09 00:00:00,"NO ESPECIFICADO","CALLE 32 Y AV HIDALGO",,,"CHOQUE","NO ESPECIFICADO",0,0,0
2015-01-09 00:00:00,"NO ESPECIFICADO","CARRETERA TORREON MATAMOROS Y CARRETERA A MIELERAS",,,"CHOQUE","NO ESPECIFICADO",0,0,0
2015-01-09 00:00:00,"NO ESPECIFICADO","CARRETERA TORREON MATAMOROS Y PERIFERICO",,,"CHOQUE","NO ESPECIFICADO",0,0,0
2015-01-09 00:00:00,"NO ESPECIFICADO","AV ALLENDE Y TREVIÑO",,,"CHOQUE","NO ESPECIFICADO",0,0,0
2015-01-09 00:00:00,"NO ESPECIFICADO","PERIFERICO COL PLAN DE SAN LUIS",,,"CHOQUE","NO ESPECIFICADO",0,0,0
2015-01-09 00:00:00,"NO ESPECIFICADO","BLVD CONSTITUCION Y LEON AVICARIO",,,"CHOQUE","NO ESPECIFICADO",0,0,0
2015-01-09 00:00:00,"NO ESPECIFICADO","PASEO DEL TECNOLOGICO Y CALZ DIVICION DEL NORTE",,,"CHOQUE","NO ESPECIFICADO",0,0,0
2015-01-09 00:00:00,"NO ESPECIFICADO","PERIFERICO Y BUGAMBILIAS",,,"VOLCADURA","NO ESPECIFICADO",0,0,0
2015-01-09 00:00:00,"NO ESPECIFICADO","AV PRESIDENTE CARRANZA Y CALLE 32",,,"CHOQUE","NO ESPECIFICADO",0,0,0
2015-01-09 00:00:00,"NO ESPECIFICADO","BLVD INDEPENDENCIA Y AV ABASOLO",,,"INCIDENTES NO ESPECIFICADOS","NO ESPECIFICADO",0,0,0
2015-01-09 00:00:00,"NO ESPECIFICADO","CALZ DIVICION DEL NORTE Y PASEO DEL CHARRO",,,"CHOQUE","NO ESPECIFICADO",0,0,0
2015-01-10 00:00:00,"NO ESPECIFICADO","AV OCAMPO Y JIMENEZ",,,"CHOQUE","NO ESPECIFICADO",0,0,0
2015-01-10 00:00:00,"NO ESPECIFICADO","BLVD DIAGONAL DE LAS FUENTES Y PASEO DE LA ROSITA",,,"CHOQUE","NO ESPECIFICADO",0,0,0
2015-01-10 00:00:00,"NO ESPECIFICADO","MUZQUIZ Y MUTUALISMO",,,"CHOQUE","NO ESPECIFICADO",0,0,0
2015-01-10 00:00:00,"NO ESPECIFICADO","INGLATERRA Y BLVD LAS ETNIAS",,,"CHOQUE","NO ESPECIFICADO",0,0,0
2015-01-10 00:00:00,"NO ESPECIFICADO","CARRETERA A MIELERAS Y PASEO DEL TEC",,,"CHOQUE","NO ESPECIFICADO",0,0,0
2015-01-10 00:00:00,"NO ESPECIFICADO","FALCON Y BLVD CONSTITUCION",,,"CHOQUE","NO ESPECIFICADO",0,0,0
2015-01-11 00:00:00,"NO ESPECIFICADO","BLVD DIAGONAL DE LAS FUENTES Y DEL SANTO",,,"CHOQUE","NO ESPECIFICADO",0,0,0
2015-01-11 00:00:00,"NO ESPECIFICADO","BLVD INDEPENDENCIA A LA ALTURA DEL NUDO MIXTECO",,,"CHOQUE","NO ESPECIFICADO",2,0,0
2015-01-11 00:00:00,"NO ESPECIFICADO","AV MORELOS Y CALLE 22",,,"CHOQUE","NO ESPECIFICADO",0,0,0
2015-01-11 00:00:00,"NO ESPECIFICADO","LUIS QUINTERO Y FERNANDO AMILPA",,,"CHOQUE","NO ESPECIFICADO",0,0,0
2015-01-12 00:00:00,"NO ESPECIFICADO","HACIENDA DEL TORREON Y PASEO DEL TECNOLOGICO",,,"CHOQUE","NO ESPECIFICADO",0,0,0
2015-01-12 00:00:00,"NO ESPECIFICADO","BLVD REVOLUCION Y  CALZ MEXICO",,,"CHOQUE","NO ESPECIFICADO",0,0,0
2015-01-12 00:00:00,"NO ESPECIFICADO","INDEPENDENCIA Y EUGENIO AGUIRRE",,,"CHOQUE","NO ESPECIFICADO",0,0,0
2015-01-12 00:00:00,"NO ESPECIFICADO","PERIFERICO Y SALTILLO VALLE VERDE",,,"CHOQUE","NO ESPECIFICADO",0,0,0
2015-01-12 00:00:00,"NO ESPECIFICADO","AV ESCOBEDO Y CALLE 22",,,"CHOQUE","NO ESPECIFICADO",0,0,0
2015-01-12 00:00:00,"NO ESPECIFICADO","BLVD MEXICO Y COSTA RICA",,,"CHOQUE","NO ESPECIFICADO",0,0,0
2015-01-12 00:00:00,"NO ESPECIFICADO","MONTE REAL Y LIBERTAD",,,"INCIDENTES NO ESPECIFICADOS","NO ESPECIFICADO",0,0,0
2015-01-12 00:00:00,"NO ESPECIFICADO","CALZ FUNDADORES DE TORREON Y AV UNIVERSIDAD",,,"CHOQUE","NO ESPECIFICADO",0,0,0
2015-01-12 00:00:00,"NO ESPECIFICADO","ORIZABA Y HULEGISTAS DE CANANEA",,,"CHOQUE","NO ESPECIFICADO",0,0,0
2015-01-12 00:00:00,"NO ESPECIFICADO","MADRID Y MAZATLAN",,,"CHOQUE","NO ESPECIFICADO",0,0,0
2015-01-12 00:00:00,"NO ESPECIFICADO","CALZ SALTILLO 400 Y PAVORREAL",,,"CHOQUE","NO ESPECIFICADO",0,0,0
2015-01-12 00:00:00,"NO ESPECIFICADO","AV JUAREZ Y COMONFORT",,,"CHOQUE","NO ESPECIFICADO",0,0,0
2015-01-12 00:00:00,"NO ESPECIFICADO","PAVORREAL Y CALZ SALTILLO 400",,,"CHOQUE","NO ESPECIFICADO",0,0,0
2015-01-12 00:00:00,"NO ESPECIFICADO","BLVD INDEPENDENCIA Y WASHINGTON",,,"CHOQUE","NO ESPECIFICADO",0,0,0
2015-01-13 00:00:00,"NO ESPECIFICADO","AV JUAREZ A LA ALTURA DE LA ALAMEDA",,,"VOLCADURA","NO ESPECIFICADO",0,0,0
2015-01-13 00:00:00,"NO ESPECIFICADO","ABASOLO Y MONDRAGON",,,"CHOQUE","NO ESPECIFICADO",0,0,0
2015-01-13 00:00:00,"NO ESPECIFICADO","XICOTENCATHL Y AZCAPOSALCO",,,"CHOQUE","NO ESPECIFICADO",0,0,0
2015-01-13 00:00:00,"NO ESPECIFICADO","REVOLUCION Y TREVIÑO",,,"INCIDENTES NO ESPECIFICADOS","NO ESPECIFICADO",0,0,0
2015-01-13 00:00:00,"NO ESPECIFICADO","PASEO DEL OLIMPO Y CALZ SALTILLO 400",,,"CHOQUE","NO ESPECIFICADO",0,0,0
2015-01-13 00:00:00,"NO ESPECIFICADO","BLVD CONSTITUCION Y ALAMO",,,"CHOQUE","NO ESPECIFICADO",0,0,0
2015-01-13 00:00:00,"NO ESPECIFICADO","BLVD DIAGONAL DE LAS FUENTES Y DEL MAGUEY",,,"CHOQUE","NO ESPECIFICADO",0,0,0
2015-01-13 00:00:00,"NO ESPECIFICADO","BLVD. TORREON MATAMOROS A LA ENTRADA DE COL VALLE ORIENTE",,,"CHOQUE","NO ESPECIFICADO",0,0,0
2015-01-14 00:00:00,"NO ESPECIFICADO","FRANCISCO I MADERO Y AV ARISTA",,,"CHOQUE","NO ESPECIFICADO",0,0,0
2015-01-14 00:00:00,"NO ESPECIFICADO","BLVD INDEPENDENCIA Y AV ZACATECAS",,,"CHOQUE","NO ESPECIFICADO",0,0,0
2015-01-14 00:00:00,"NO ESPECIFICADO","AV ABASOLO Y LEONA AVICARIO",,,"CHOQUE","NO ESPECIFICADO",0,0,0
2015-01-14 00:00:00,"NO ESPECIFICADO","CALZ SALTILLO 400 Y BLVD REVOLUCION",,,"CHOQUE","NO ESPECIFICADO",0,0,0
2015-01-14 00:00:00,"NO ESPECIFICADO","AV PRESIDENTE CARRANZA Y CALLE 22",,,"CHOQUE","NO ESPECIFICADO",0,0,0
2015-01-14 00:00:00,"NO ESPECIFICADO","AV ALDAMA Y CALLE 22",,,"CHOQUE","NO ESPECIFICADO",0,0,0
2015-01-14 00:00:00,"NO ESPECIFICADO","AV MATAMOROS Y FCO I MADERO",,,"CHOQUE","NO ESPECIFICADO",0,0,0
2015-01-14 00:00:00,"NO ESPECIFICADO","ACUÑA Y BLVD INDEPENDENCIA",,,"CHOQUE","NO ESPECIFICADO",0,0,0
2015-01-14 00:00:00,"NO ESPECIFICADO","BLVD CONSTITUCION Y CALZ COLON",,,"CHOQUE","NO ESPECIFICADO",0,0,0
2015-01-14 00:00:00,"NO ESPECIFICADO","INDEPENDENCIA Y ESTOCOLMO",,,"CHOQUE","NO ESPECIFICADO",0,0,0
2015-01-14 00:00:00,"NO ESPECIFICADO","QUETZATLCOALT Y EALY ORTIZ",,,"CHOQUE","NO ESPECIFICADO",0,0,0
2015-01-14 00:00:00,"NO ESPECIFICADO","CIPRESES Y ENGLATINAS",,,"CHOQUE","NO ESPECIFICADO",0,0,0
2015-01-14 00:00:00,"NO ESPECIFICADO","BLVD INDEPENDENCIA A LA ALTURA DEL NUDO MIXTECO",,,"CHOQUE","NO ESPECIFICADO",1,0,0
2015-01-14 00:00:00,"NO ESPECIFICADO","CALZ SALTILLO 400 Y CALZ GOMEZ MORIN",,,"CHOQUE","NO ESPECIFICADO",0,0,0
2015-01-14 00:00:00,"NO ESPECIFICADO","MUZQUIZ Y AV MATAMOROS",,,"CHOQUE","NO ESPECIFICADO",0,0,0
2015-01-14 00:00:00,"NO ESPECIFICADO","AV HIDALGO Y JIMENEZ",,,"CHOQUE","NO ESPECIFICADO",0,0,0
2015-01-15 00:00:00,"NO ESPECIFICADO","BLVD REVOLUCION Y CALLE 21",,,"CHOQUE","NO ESPECIFICADO",0,0,0
2015-01-15 00:00:00,"NO ESPECIFICADO","RAMON CORONA Y AV ABASOLO",,,"CHOQUE","NO ESPECIFICADO",0,0,0
2015-01-15 00:00:00,"NO ESPECIFICADO","CALZ MOCTEZUMA Y CALZ QUETZALCOATL",,,"CHOQUE","NO ESPECIFICADO",0,0,0
2015-01-15 00:00:00,"NO ESPECIFICADO","BLVD REVOLUCION Y CALZ FCO SARABIA",,,"CHOQUE","NO ESPECIFICADO",0,0,0
2015-01-15 00:00:00,"NO ESPECIFICADO","AV BRAVO Y CALZ RAMON MENDEZ",,,"CHOQUE","NO ESPECIFICADO",0,0,0
2015-01-15 00:00:00,"NO ESPECIFICADO","NUEVA SAN PEDRO COL SENDEROS",,,"CHOQUE","NO ESPECIFICADO",0,0,0
2015-01-15 00:00:00,"NO ESPECIFICADO","BLVD REVOLUCION Y CALZ COLON",,,"CHOQUE","NO ESPECIFICADO",0,0,0
2015-01-15 00:00:00,"NO ESPECIFICADO","AV UNIVERSIDAD Y DE TORREON A LERDO",,,"CHOQUE","NO ESPECIFICADO",0,0,0
2015-01-15 00:00:00,"NO ESPECIFICADO","BLVD INDEPENDENCIA Y CALZ CUAUHTEMOC",,,"CHOQUE","NO ESPECIFICADO",0,0,0
2015-01-15 00:00:00,"NO ESPECIFICADO","BLVD INDEPENDENCIA Y QUEBEC",,,"CHOQUE","NO ESPECIFICADO",0,0,0
2015-01-15 00:00:00,"NO ESPECIFICADO","CALZ MEXICO Y TORREON MATAMOROS",,,"CHOQUE","NO ESPECIFICADO",0,0,0
2015-01-16 00:00:00,"NO ESPECIFICADO","TORREON MATAMOROS Y TORRE DEL REDENTOR",,,"CHOQUE","NO ESPECIFICADO",0,0,0
2015-01-16 00:00:00,"NO ESPECIFICADO","JIMENEZ Y RAMON CORONA",,,"CHOQUE","NO ESPECIFICADO",0,0,0
2015-01-16 00:00:00,"NO ESPECIFICADO","AV VICTORIA YFRANCISCO I MADERO",,,"CHOQUE","NO ESPECIFICADO",0,0,0
2015-01-16 00:00:00,"NO ESPECIFICADO","CARRETERA A SANTA FE Y PERIFERICO",,,"CHOQUE","NO ESPECIFICADO",0,0,0
2015-01-16 00:00:00,"NO ESPECIFICADO","PASEO DEL TECNOLOGICO Y ARQUICTECTOS",,,"CHOQUE","NO ESPECIFICADO",0,0,0
2015-01-16 00:00:00,"NO ESPECIFICADO","AV MATAMOROS Y RAMOS ARIZPE",,,"CHOQUE","NO ESPECIFICADO",0,0,0
2015-01-16 00:00:00,"NO ESPECIFICADO","OYAMEL  Y LIRIOS",,,"CHOQUE","NO ESPECIFICADO",0,0,0
2015-01-16 00:00:00,"NO ESPECIFICADO","PRIFERICO A LA ALTURA DE LA COLONIA EL ROBLE",,,"CHOQUE","NO ESPECIFICADO",0,0,0
2015-01-16 00:00:00,"NO ESPECIFICADO","AV ABASOLO Y CALLE 21",,,"CHOQUE","NO ESPECIFICADO",0,0,0
2015-01-16 00:00:00,"NO ESPECIFICADO","NUEVA SAN PEDRO VILLA FLORIDA",,,"ATROPELLADO CICLISTA","NO ESPECIFICADO",0,1,0
2015-01-16 00:00:00,"NO ESPECIFICADO","PASEO DEL TECNOLOGICO Y BLVD RDZ TRIANA ",,,"CHOQUE","NO ESPECIFICADO",0,0,0
2015-01-16 00:00:00,"NO ESPECIFICADO","CARRETERA A MIELERAS Y CALZ AGROINDUSTRIAS",,,"CHOQUE","NO ESPECIFICADO",0,0,0
2015-01-17 00:00:00,"NO ESPECIFICADO","PERIFERICO RAUL LOPEZ SANCHEZ",,,"CHOQUE","NO ESPECIFICADO",0,0,0
2015-01-17 00:00:00,"NO ESPECIFICADO","AV OCAMPO Y GALEANA",,,"CHOQUE","NO ESPECIFICADO",0,0,0
2015-01-17 00:00:00,"NO ESPECIFICADO","AV  CORREGIDORA Y LA OPINION",,,"CHOQUE","NO ESPECIFICADO",0,0,0
2015-01-17 00:00:00,"NO ESPECIFICADO","AV ALLENDE Y CALLE 22",,,"CHOQUE","NO ESPECIFICADO",0,0,0
2015-01-17 00:00:00,"NO ESPECIFICADO","CALLE 22 Y AV OCAMPO",,,"CHOQUE","NO ESPECIFICADO",0,1,0
2015-01-17 00:00:00,"NO ESPECIFICADO","BLVD INDEPENDENCIA Y CALZ SANTA TERESITA DE JESUS",,,"CHOQUE","NO ESPECIFICADO",0,0,0
2015-01-17 00:00:00,"NO ESPECIFICADO","BLVD REVOLUCION Y CALLE 12",,,"CHOQUE","NO ESPECIFICADO",0,0,0
2015-01-17 00:00:00,"NO ESPECIFICADO","TORREON MATAMOROS FRENTE AL 33 BATALLON DE INFANTERIA",,,"CHOQUE","NO ESPECIFICADO",0,0,0
2015-01-17 00:00:00,"NO ESPECIFICADO","RIO YAQUI Y CALZ ABASTOS",,,"CHOQUE","NO ESPECIFICADO",0,0,0
2015-01-17 00:00:00,"NO ESPECIFICADO","AV ALDAMA Y CALLE 21",,,"CHOQUE","NO ESPECIFICADO",0,0,0
2015-01-17 00:00:00,"NO ESPECIFICADO","AV ESCOBEDO Y CALLE 22",,,"CHOQUE","NO ESPECIFICADO",0,0,0
2015-01-18 00:00:00,"NO ESPECIFICADO","ALDAMA Y CALLE 21",,,"CHOQUE","NO ESPECIFICADO",0,0,0
2015-01-18 00:00:00,"NO ESPECIFICADO","CARRT. A MIELERAS Y CALZ. GOMEZ MORIN",,,"CHOQUE","NO ESPECIFICADO",0,0,0
2015-01-18 00:00:00,"NO ESPECIFICADO","CARRT. A MIELERAS A LA ALTURA DE MONTE BELLO",,,"CHOQUE","NO ESPECIFICADO",0,0,0
2015-01-18 00:00:00,"NO ESPECIFICADO","MAGDALENA MONDRAGON Y CONSTITUCION",,,"CHOQUE","NO ESPECIFICADO",0,0,0
2015-01-18 00:00:00,"NO ESPECIFICADO","OCAMPO Y CALLE 21",,,"CHOQUE","NO ESPECIFICADO",0,0,0
2015-01-19 00:00:00,"NO ESPECIFICADO","LAS ETNIAS",,,"CHOQUE","NO ESPECIFICADO",0,0,0
2015-01-19 00:00:00,"NO ESPECIFICADO","ACUÑA Y AV HIDALGO",,,"CHOQUE","NO ESPECIFICADO",0,0,0
2015-01-19 00:00:00,"NO ESPECIFICADO","BLVD RDZ TRIANA Y BLVD LAGUNA SUR",,,"CHOQUE","NO ESPECIFICADO",0,0,0
2015-01-19 00:00:00,"NO ESPECIFICADO","CALLE 24 Y BLVD REVOLUCION",,,"CHOQUE","NO ESPECIFICADO",0,0,0
2015-01-19 00:00:00,"NO ESPECIFICADO","JUAREZ Y COMONFORT",,,"CHOQUE","NO ESPECIFICADO",0,0,0
2015-01-19 00:00:00,"NO ESPECIFICADO","CITLALTEPETL Y JAZMINES",,,"CHOQUE","NO ESPECIFICADO",0,0,0
2015-01-19 00:00:00,"NO ESPECIFICADO","AV PTE CARRANZA Y COMONFORT",,,"CHOQUE","NO ESPECIFICADO",0,0,0
2015-01-19 00:00:00,"NO ESPECIFICADO","FALCON Y BLVD RIO NAZAS",,,"CHOQUE","NO ESPECIFICADO",0,0,0
2015-01-19 00:00:00,"NO ESPECIFICADO","BLVD CONSTITUCION Y MUZQUIZ",,,"INCIDENTES NO ESPECIFICADOS","NO ESPECIFICADO",0,0,0
2015-01-19 00:00:00,"NO ESPECIFICADO","AV. ALDAMA Y CALLE 24",,,"CHOQUE","NO ESPECIFICADO",0,0,0
2015-01-19 00:00:00,"NO ESPECIFICADO","AV. JUAREZ FCO SARABIA",,,"INCIDENTES NO ESPECIFICADOS","NO ESPECIFICADO",0,0,0
2015-01-19 00:00:00,"NO ESPECIFICADO","AV. ALLENDE Y GLZ ORTEGA",,,"CHOQUE","NO ESPECIFICADO",0,0,0
2015-01-20 00:00:00,"NO ESPECIFICADO","CALZ VALLE OTE Y BACARAL",,,"CHOQUE","NO ESPECIFICADO",0,0,0
2015-01-21 00:00:00,"NO ESPECIFICADO","CALZ DE LA CAMPANA Y PASEO CERRO DE LAS CALABAZAS",,,"CHOQUE","NO ESPECIFICADO",0,0,0
2015-01-21 00:00:00,"NO ESPECIFICADO","BLVD REVOLUCION Y CALLE 35",,,"CHOQUE","NO ESPECIFICADO",0,0,0
2015-01-21 00:00:00,"NO ESPECIFICADO","LEONA AVICARIO E HIDALGO",,,"CHOQUE","NO ESPECIFICADO",0,0,0
2015-01-21 00:00:00,"NO ESPECIFICADO","BLVD REVOLUCION Y JAZMINES",,,"CHOQUE","NO ESPECIFICADO",0,0,0
2015-01-21 00:00:00,"NO ESPECIFICADO","CALLE 18 Y AV JUAREZ",,,"CHOQUE","NO ESPECIFICADO",0,0,0
2015-01-21 00:00:00,"NO ESPECIFICADO","BLVD REVOLUCION Y CALLE 24",,,"CHOQUE","NO ESPECIFICADO",0,0,0
2015-01-21 00:00:00,"NO ESPECIFICADO","AV JUAREZ Y CALLE 39",,,"CHOQUE","NO ESPECIFICADO",0,0,0
2015-01-21 00:00:00,"NO ESPECIFICADO","FALCON Y AV MATAMOROS",,,"CHOQUE","NO ESPECIFICADO",0,0,0
2015-01-21 00:00:00,"NO ESPECIFICADO","DEL SANTO Y BLVD DIAGONAL DE LAS FUENTES ",,,"CHOQUE","NO ESPECIFICADO",0,0,0
2015-01-21 00:00:00,"NO ESPECIFICADO","CALZ SALVADOR CREEL Y NOGALES",,,"CHOQUE","NO ESPECIFICADO",0,0,0
2015-01-21 00:00:00,"NO ESPECIFICADO","PERIFERICO FRENTE AL TIANGUIS DEL AUTO",,,"VOLCADURA","NO ESPECIFICADO",0,0,0
2015-01-21 00:00:00,"NO ESPECIFICADO","BLVD DIAGONAL DE LAS FUENTES Y BLVD RDZ  TRIANA",,,"CHOQUE","NO ESPECIFICADO",0,0,0
2015-01-21 00:00:00,"NO ESPECIFICADO","BLVD DIAGONAL DE LAS FUENTES Y PROFETA",,,"CHOQUE","NO ESPECIFICADO",0,0,0
2015-01-21 00:00:00,"NO ESPECIFICADO","BLVD DIAGONAL REFORMA Y CALZ MOCTEZUMA",,,"CHOQUE","NO ESPECIFICADO",0,0,0
2015-01-21 00:00:00,"NO ESPECIFICADO","BLVD CONSTITUCION Y RAMOS ARIZPE",,,"CHOQUE","NO ESPECIFICADO",0,0,0
2015-01-22 00:00:00,"NO ESPECIFICADO","GOMEZ MORIN Y TRIANA ",,,"CHOQUE","NO ESPECIFICADO",0,0,0
2015-01-22 00:00:00,"NO ESPECIFICADO","RAMON CORONA Y AV HIDALGO",,,"CHOQUE","NO ESPECIFICADO",0,0,0
2015-01-22 00:00:00,"NO ESPECIFICADO","BLVD DIAGONAL REFORMA Y AV MORELOS",,,"INCIDENTES NO ESPECIFICADOS","NO ESPECIFICADO",0,0,0
2015-01-22 00:00:00,"NO ESPECIFICADO","BLVD RDZ TRIANA Y CALZ SECC 38",,,"CHOQUE","NO ESPECIFICADO",0,0,0
2015-01-22 00:00:00,"NO ESPECIFICADO","CITLALTEPETL Y PASEO DE LA ROSITA",,,"CHOQUE","NO ESPECIFICADO",0,0,0
2015-01-22 00:00:00,"NO ESPECIFICADO","BLVD REVOLUCION Y BLVD RDZ TRIANA",,,"CHOQUE","NO ESPECIFICADO",0,0,0
2015-01-22 00:00:00,"NO ESPECIFICADO","FCO I MADERO Y AV CORREGIDORA",,,"CHOQUE","NO ESPECIFICADO",0,0,0
2015-01-22 00:00:00,"NO ESPECIFICADO","NUEVA SAN PEDRO ",,,"CHOQUE","NO ESPECIFICADO",0,0,0
2015-01-22 00:00:00,"NO ESPECIFICADO","RUBEN DARIO Y BLVD INDEPENDENCIA ",,,"CHOQUE","NO ESPECIFICADO",0,0,0
2015-01-22 00:00:00,"NO ESPECIFICADO","PASEO DEL TEC Y LIBERTAD",,,"CHOQUE","NO ESPECIFICADO",0,0,0
2015-01-22 00:00:00,"NO ESPECIFICADO","PASEO DEL TEC Y TURIN",,,"CHOQUE","NO ESPECIFICADO",0,0,0
2015-01-22 00:00:00,"NO ESPECIFICADO","RODRIGUEZ TRIANA Y GOMEZ MORIN",,,"CHOQUE","NO ESPECIFICADO",0,0,0
2015-01-22 00:00:00,"NO ESPECIFICADO","CORREGIDORA Y CALLE 12",,,"CHOQUE","NO ESPECIFICADO",0,0,0
2015-01-22 00:00:00,"NO ESPECIFICADO","LAGUNA NORTE Y SICOMOROS",,,"CHOQUE","NO ESPECIFICADO",0,0,0
2015-01-23 00:00:00,"NO ESPECIFICADO","COLONIA SOL DEL ORIENTE",,,"CHOQUE","NO ESPECIFICADO",0,0,0
2015-01-23 00:00:00,"NO ESPECIFICADO","FRONDOSO Y CAMPO ZARAGOZA",,,"INCIDENTES NO ESPECIFICADOS","NO ESPECIFICADO",0,0,0
2015-01-23 00:00:00,"NO ESPECIFICADO","BLVD DIAGONAL DE LAS FUENTES Y PASEO DEL MAGUEY",,,"CHOQUE","NO ESPECIFICADO",0,0,0
2015-01-23 00:00:00,"NO ESPECIFICADO","AV ABASOLO Y CALLE 26",,,"CHOQUE","NO ESPECIFICADO",0,0,0
2015-01-23 00:00:00,"NO ESPECIFICADO","AV ESCOBEDO Y CALLE 22",,,"CHOQUE","NO ESPECIFICADO",0,0,0
2015-01-23 00:00:00,"NO ESPECIFICADO","BROMO Y VALLE ENCANTADO",,,"CHOQUE","NO ESPECIFICADO",0,0,0
2015-01-23 00:00:00,"NO ESPECIFICADO","LEONA VICARIO Y AV OCAMPO",,,"CHOQUE","NO ESPECIFICADO",0,0,0
2015-01-23 00:00:00,"NO ESPECIFICADO","BLVD DIAGONAL DE LAS FUENTES Y PASEO DE LAS LUCIERNAGAS",,,"CHOQUE","NO ESPECIFICADO",0,0,0
2015-01-23 00:00:00,"NO ESPECIFICADO","AV ALDAMA Y CALLE 24",,,"CHOQUE","NO ESPECIFICADO",0,0,0
2015-01-23 00:00:00,"NO ESPECIFICADO","FCO I MADERO Y ARTICULO 123",,,"CHOQUE","NO ESPECIFICADO",0,0,0
2015-01-24 00:00:00,"NO ESPECIFICADO","PERIFERICO Y PUENTE VALLE VARDE",,,"CHOQUE","NO ESPECIFICADO",0,0,0
2015-01-24 00:00:00,"NO ESPECIFICADO","DEL CHARRO Y LA HERRADURA",,,"CHOQUE","NO ESPECIFICADO",0,0,0
2015-01-24 00:00:00,"NO ESPECIFICADO","TRIANA Y SECC 38",,,"CHOQUE","NO ESPECIFICADO",0,0,0
2015-01-24 00:00:00,"NO ESPECIFICADO","TORREON MATAMOROS Y BLVD LIBERTAD",,,"CHOQUE","NO ESPECIFICADO",0,0,0
2015-01-24 00:00:00,"NO ESPECIFICADO","VICENTE SUAREZ Y CALZ AVILA CAMACHO",,,"CHOQUE","NO ESPECIFICADO",0,0,0
2015-01-25 00:00:00,"NO ESPECIFICADO","BLVD INDEPENDENCIA Y PERIFERICO",,,"CHOQUE","NO ESPECIFICADO",0,0,0
2015-01-25 00:00:00,"NO ESPECIFICADO","PERIFERICO COL VALLE VERDE",,,"CHOQUE","NO ESPECIFICADO",0,0,0
2015-01-25 00:00:00,"NO ESPECIFICADO","VILLAS ZARAGOZA Y VILLAS RINCON",,,"CHOQUE","NO ESPECIFICADO",0,0,0
2015-01-25 00:00:00,"NO ESPECIFICADO","TORREON MATAMOROS Y CARRETERA A MIELERAS",,,"CHOQUE","NO ESPECIFICADO",0,0,0
2015-01-25 00:00:00,"NO ESPECIFICADO","AV JUAREZ Y PERIFERICO",,,"CHOQUE","NO ESPECIFICADO",0,0,0
2015-01-26 00:00:00,"NO ESPECIFICADO","AV HIDALGO Y CALLE 32",,,"CHOQUE","NO ESPECIFICADO",0,0,0
2015-01-26 00:00:00,"NO ESPECIFICADO","AV MORELOS Y CALLE 32",,,"CHOQUE","NO ESPECIFICADO",0,0,0
2015-01-26 00:00:00,"NO ESPECIFICADO","PERIFERCO Y TORREON MATAMOROS",,,"CHOQUE","NO ESPECIFICADO",0,0,0
2015-01-26 00:00:00,"NO ESPECIFICADO","TORREON MATAMOROS Y BLVD LIBERTAD",,,"CHOQUE","NO ESPECIFICADO",0,0,0
2015-01-26 00:00:00,"NO ESPECIFICADO","TORREON MATAMOROS Y  PERIFERICO",,,"CHOQUE","NO ESPECIFICADO",0,0,0
2015-01-26 00:00:00,"NO ESPECIFICADO","FCO I MADERO Y AV. ZACATECAS",,,"CHOQUE","NO ESPECIFICADO",0,0,0
2015-01-26 00:00:00,"NO ESPECIFICADO","PLAMAS Y DIAGONAL REFORMA",,,"CHOQUE","NO ESPECIFICADO",0,0,0
2015-01-26 00:00:00,"NO ESPECIFICADO","AV. BRAVO Y CALLE 36",,,"CHOQUE","NO ESPECIFICADO",0,0,0
2015-01-26 00:00:00,"NO ESPECIFICADO","CALLE 22 Y BLVD REVOLUCION",,,"CHOQUE","NO ESPECIFICADO",0,0,0
2015-01-26 00:00:00,"NO ESPECIFICADO","AV PRESIDENTE CARRANZA Y CALLE 12",,,"CHOQUE","NO ESPECIFICADO",0,0,0
2015-01-26 00:00:00,"NO ESPECIFICADO","PERIFERICO Y AV BRAVO",,,"CHOQUE","NO ESPECIFICADO",0,0,0
2015-01-26 00:00:00,"NO ESPECIFICADO","CALZ AGUILA NACIONAL",,,"CHOQUE","NO ESPECIFICADO",0,0,0
2015-01-27 00:00:00,"NO ESPECIFICADO","BLVD CONSTITUCION Y MUZQUIZ",,,"CHOQUE","NO ESPECIFICADO",0,0,0
2015-01-27 00:00:00,"NO ESPECIFICADO","TREVIÑO YAV HIDALGO ",,,"CHOQUE","NO ESPECIFICADO",0,0,0
2015-01-27 00:00:00,"NO ESPECIFICADO","BLVD INDEPENDENCIA Y RDZ",,,"CHOQUE","NO ESPECIFICADO",0,0,0
2015-01-27 00:00:00,"NO ESPECIFICADO","FALCON Y SIMON BOLIVAR",,,"CHOQUE","NO ESPECIFICADO",0,0,0
2015-01-27 00:00:00,"NO ESPECIFICADO","PROL CUAUHTEMOC Y CALLE QUINTA",,,"CHOQUE","NO ESPECIFICADO",0,0,0
2015-01-27 00:00:00,"NO ESPECIFICADO","BLVD RDZ TRIANA Y PASEO DE LA DILIGENCIA",,,"CHOQUE","NO ESPECIFICADO",0,0,0
2015-01-27 00:00:00,"NO ESPECIFICADO","AV HIDALGO Y CALZ CUAUHTEMOC",,,"CHOQUE","NO ESPECIFICADO",0,0,0
2015-01-27 00:00:00,"NO ESPECIFICADO","HELIOTROPOS Y LAGUNA NORTE",,,"CHOQUE","NO ESPECIFICADO",0,0,0
2015-01-27 00:00:00,"NO ESPECIFICADO","AZCAPOZALCO Y CALZ XOCHIMILCO",,,"CHOQUE","NO ESPECIFICADO",0,0,0
2015-01-27 00:00:00,"NO ESPECIFICADO","BLVD REVOLUCION Y CALLE 25",,,"CHOQUE","NO ESPECIFICADO",0,0,0
2015-01-27 00:00:00,"NO ESPECIFICADO","MUZQUIZ Y BLVD INDEPENDENCIA",,,"CHOQUE","NO ESPECIFICADO",0,0,0
2015-01-27 00:00:00,"NO ESPECIFICADO","AV CORREGIDORA Y BLVD DIAGONAL REFORMA",,,"CHOQUE","NO ESPECIFICADO",0,0,0
2015-01-27 00:00:00,"NO ESPECIFICADO","CARRETERA A MIELERAS Y AGROINDUSTRIAS",,,"CHOQUE","NO ESPECIFICADO",0,0,0
2015-01-27 00:00:00,"NO ESPECIFICADO","AV MEXICO Y CALZ EMILIO CARRANZA",,,"CHOQUE","NO ESPECIFICADO",0,0,0
2015-01-27 00:00:00,"NO ESPECIFICADO","AV JUAREZ EN LA CENTRAL CAMIONERA",,,"CHOQUE","NO ESPECIFICADO",0,0,0
2015-01-27 00:00:00,"NO ESPECIFICADO","PROL HIDALGO Y TORREON VIEJO",,,"ATROPELLADO PEATON","NO ESPECIFICADO",0,1,0
2015-01-28 00:00:00,"NO ESPECIFICADO","DIAGONAL Y MORELOS",,,"CHOQUE","NO ESPECIFICADO",0,0,0
2015-01-28 00:00:00,"NO ESPECIFICADO","AV ESCOBEDO Y GREGORIO A GARCIA",,,"CHOQUE","NO ESPECIFICADO",0,0,0
2015-01-28 00:00:00,"NO ESPECIFICADO","BLVD INDEPENDENCIA Y CALZ COLON",,,"CHOQUE","NO ESPECIFICADO",0,0,0
2015-01-28 00:00:00,"NO ESPECIFICADO","AV ALLENDE Y RODRIGUEZ",,,"CHOQUE","NO ESPECIFICADO",0,0,0
2015-01-28 00:00:00,"NO ESPECIFICADO","BEGONIAS Y LAGUNA NORTE",,,"CHOQUE","NO ESPECIFICADO",0,0,0
2015-01-28 00:00:00,"NO ESPECIFICADO","AV JUAREZ Y CALLE 29",,,"CHOQUE","NO ESPECIFICADO",0,0,0
2015-01-28 00:00:00,"NO ESPECIFICADO","CALZ COLON Y BLVD INDEPENDENCIA",,,"CHOQUE","NO ESPECIFICADO",0,0,0
2015-01-28 00:00:00,"NO ESPECIFICADO","AV JUAREZ Y DE LA PEPENA",,,"CHOQUE","NO ESPECIFICADO",0,0,0
2015-01-28 00:00:00,"NO ESPECIFICADO","JUAN DE LA BARRERA Y CALZ DE LA PAZ",,,"CHOQUE","NO ESPECIFICADO",0,0,0
2015-01-28 00:00:00,"NO ESPECIFICADO","REVOLUCION Y LEONA VICARIO",,,"CHOQUE","NO ESPECIFICADO",0,0,0
2015-01-28 00:00:00,"NO ESPECIFICADO","ACUÑA Y RODRIGUEZ",,,"CHOQUE","NO ESPECIFICADO",0,0,0
2015-01-29 00:00:00,"NO ESPECIFICADO","CARRETERA TORREON SAN PEDRO ",,,"CHOQUE","NO ESPECIFICADO",0,0,0
2015-01-29 00:00:00,"NO ESPECIFICADO","BLVD REVOLUCION Y VALDEZ CARRILLO",,,"CHOQUE","NO ESPECIFICADO",0,0,0
2015-01-29 00:00:00,"NO ESPECIFICADO","RODRIGUEZ Y AV HIDALGO",,,"CHOQUE","NO ESPECIFICADO",0,0,0
2015-01-29 00:00:00,"NO ESPECIFICADO","AV JUAREZ Y CALZ FCO SARABIA",,,"CHOQUE","NO ESPECIFICADO",0,0,0
2015-01-29 00:00:00,"NO ESPECIFICADO","ALLENDE Y MAZATLAN",,,"CHOQUE","NO ESPECIFICADO",0,0,0
2015-01-29 00:00:00,"NO ESPECIFICADO","ESCOBEDO Y COMONFORT",,,"CHOQUE","NO ESPECIFICADO",0,0,0
2015-01-29 00:00:00,"NO ESPECIFICADO","BLVD INDEPENDENCIA  EN WALMART",,,"CHOQUE","NO ESPECIFICADO",0,0,0
2015-01-29 00:00:00,"NO ESPECIFICADO","MARIA DEL BOSQUE Y LAGUNA NORTE",,,"CHOQUE","NO ESPECIFICADO",0,0,0
2015-01-30 00:00:00,"NO ESPECIFICADO","RAMOS ARIZPE",,,"CHOQUE","NO ESPECIFICADO",0,0,0
2015-01-30 00:00:00,"NO ESPECIFICADO","JUAN E GARCIA Y JUAREZ",,,"CHOQUE","NO ESPECIFICADO",0,0,0
2015-01-30 00:00:00,"NO ESPECIFICADO","BLVD LIBERTAD Y CANAL DE LA CONCHA",,,"CHOQUE","NO ESPECIFICADO",0,0,0
2015-01-30 00:00:00,"NO ESPECIFICADO","CIPRESES Y ALAMOS",,,"CHOQUE","NO ESPECIFICADO",0,0,0
2015-01-30 00:00:00,"NO ESPECIFICADO","ZAPATOS Y AV FUNDADORES DE TORREON",,,"CHOQUE","NO ESPECIFICADO",0,0,0
2015-01-30 00:00:00,"NO ESPECIFICADO","BLVD INDEPENDENCIA Y CALZ COLON",,,"CHOQUE","NO ESPECIFICADO",0,0,0
2015-01-30 00:00:00,"NO ESPECIFICADO","TORREON MATAMOROS Y CARRETERA A MIELERAS",,,"CHOQUE","NO ESPECIFICADO",0,0,0
2015-01-30 00:00:00,"NO ESPECIFICADO","CALLE 17 Y AV. JUAREZ",,,"CHOQUE","NO ESPECIFICADO",0,0,0
2015-01-31 00:00:00,"NO ESPECIFICADO","ILDEFONSO FUENTES Y BLVD REVOLUCION",,,"CHOQUE","NO ESPECIFICADO",0,0,0
2015-01-31 00:00:00,"NO ESPECIFICADO","PERIFERICO Y CARRETERA ANTIGUA A SAN PEDRO",,,"INCIDENTES NO ESPECIFICADOS","NO ESPECIFICADO",0,0,0
2015-01-31 00:00:00,"NO ESPECIFICADO","AV MORELOS Y JUAN ANTONIO DE LA FUENTE",,,"CHOQUE","NO ESPECIFICADO",0,0,0
2015-01-31 00:00:00,"NO ESPECIFICADO","BLVD CONSTITUCION Y COBIAN",,,"VOLCADURA","NO ESPECIFICADO",1,0,0
2015-01-31 00:00:00,"NO ESPECIFICADO","AV SIMON BOLIVAR Y ACUÑA",,,"CHOQUE","NO ESPECIFICADO",0,0,0
2015-01-31 00:00:00,"NO ESPECIFICADO","DEL ANGEL Y BLVD DIAGONAL DE LAS FUENTES",,,"CHOQUE","NO ESPECIFICADO",0,0,0
